Product Name,avg_textblob_sentiment_score,total_textblob_positive_reviews,total_reviews
"vivo V29e 5G (Artistic Blue, 128 GB)  (8 GB RAM)",0.6387182748538012,17,95
"vivo V29e 5G (Artistic Blue, 256 GB)  (8 GB RAM)",0.6387182748538012,17,95
"vivo V29e 5G (Artistic Red, 128 GB)  (8 GB RAM)",0.6387182748538012,17,95
"vivo V29e 5G (Artistic Red, 256 GB)  (8 GB RAM)",0.6387182748538012,17,95
"OPPO Reno10 5G (Silvery Grey, 256 GB)  (8 GB RAM)",0.633391156462585,17,70
"vivo T1 5G (Rainbow Fantasy, 128 GB)  (8 GB RAM)",0.6267054282585197,23,93
"vivo T1 5G (Starlight Black, 128 GB)  (8 GB RAM)",0.6267054282585197,23,93
"vivo V23 5G (Sunshine Gold, 128 GB)  (8 GB RAM)",0.6264999200078919,25,97
"vivo V23 5G (Stardust Black, 128 GB)  (8 GB RAM)",0.6264999200078919,25,97
"vivo V17 (Midnight Ocean Black, 128 GB)  (8 GB RAM)",0.6153216454932141,25,99
"vivo S1 (Diamond Black, 64 GB)  (6 GB RAM)",0.6121687370600414,22,92
"vivo S1 (Skyline Blue, 64 GB)  (6 GB RAM)",0.6121687370600414,22,92
"vivo T3 Pro 5G (Sandstone Orange, 256 GB)  (8 GB RAM)",0.6117423175191993,27,99
"vivo T3 Pro 5G (Sandstone Orange, 128 GB)  (8 GB RAM)",0.6117423175191993,27,99
"vivo T3 Pro 5G (Emerald Green, 128 GB)  (8 GB RAM)",0.6117423175191993,27,99
"vivo S1 Pro (Mystic Black, 128 GB)  (8 GB RAM)",0.6095526904382167,23,95
"vivo S1 Pro (Jazzy Blue, 128 GB)  (8 GB RAM)",0.6095526904382167,23,95
"vivo S1 Pro (Dreamy White, 128 GB)  (8 GB RAM)",0.6095526904382167,23,95
"vivo T1 5G (Silky White, 128 GB)  (6 GB RAM)",0.6084336140263559,20,93
"vivo T3 Pro 5G (Emerald Green, 256 GB)  (8 GB RAM)",0.6077106086297215,28,100
"vivo V17Pro (Midnight Ocean Black, 128 GB)  (8 GB RAM)",0.6053078010424949,29,98
"vivo Y53s (Fantastic Rainbow, 128 GB)  (8 GB RAM)",0.6050149596875787,20,84
"vivo Y53s (Deep Sea Blue, 128 GB)  (8 GB RAM)",0.6050149596875787,20,84
"OPPO Reno10 5G (Ice Blue, 256 GB)  (8 GB RAM)",0.600875308857077,29,99
"vivo V27 5G (Noble Black, 128 GB)  (8 GB RAM)",0.5985941543271316,30,100
"vivo V27 5G (Magic Blue, 128 GB)  (8 GB RAM)",0.5985941543271316,30,100
"vivo V29 5G (Blue, 128 GB)  (8 GB RAM)",0.5951143378226711,26,99
"vivo V29 5G (Red, 128 GB)  (8 GB RAM)",0.5951143378226711,26,99
"vivo V29 5G (Black, 128 GB)  (8 GB RAM)",0.5951143378226711,26,99
"vivo X50 (Glaze Black, 128 GB)  (8 GB RAM)",0.5948699278716024,25,69
"vivo X50 (Frost Blue, 128 GB)  (8 GB RAM)",0.5948699278716024,25,69
"vivo Y75 5G (Starlight Black, 128 GB)  (8 GB RAM)",0.5943809523809525,7,70
"vivo Y75 5G (Glowing Galaxy, 128 GB)  (8 GB RAM)",0.5943809523809525,14,140
"vivo V20 Pro (Midnight Jazz, 128 GB)  (8 GB RAM)",0.5929877791686318,31,99
"vivo Y33s (Midday Dream, 128 GB)  (8 GB RAM)",0.5907046983813288,16,92
"vivo V30 5G (Andaman Blue, 256 GB)  (12 GB RAM)",0.5859424393436021,24,86
"vivo V30 5G (Peacock Green, 256 GB)  (12 GB RAM)",0.5859424393436021,24,86
"vivo V30 5G (Classic Black, 256 GB)  (12 GB RAM)",0.5859424393436021,24,86
"OPPO Reno8 5G (Shimmer Black, 128 GB)  (8 GB RAM)",0.5832365216977516,35,99
"OPPO Reno8 5G (Shimmer Gold, 128 GB)  (8 GB RAM)",0.5832365216977516,35,99
"vivo T1 44W (Ice Dawn, 128 GB)  (8 GB RAM)",0.5825996874502309,24,92
"vivo V20 (Midnight Jazz, 256 GB)  (8 GB RAM)",0.5825084593247187,31,98
"vivo V20 (Midnight Jazz, 128 GB)  (8 GB RAM)",0.5825084593247187,31,98
"vivo V20 (Sunset Melody, 128 GB)  (8 GB RAM)",0.5825084593247187,31,98
"vivo V20 (Sunset Melody, 256 GB)  (8 GB RAM)",0.5825084593247187,31,98
"vivo V30 Pro 5G (Andaman Blue, 256 GB)  (8 GB RAM)",0.5821329053058559,61,169
"vivo V30 Pro 5G (Classic Black, 256 GB)  (8 GB RAM)",0.5821329053058559,61,169
"OPPO Reno10 Pro 5G (Silvery Grey, 256 GB)  (12 GB RAM)",0.5812072778641765,35,98
"OPPO Reno10 Pro 5G (Glossy Purple, 256 GB)  (12 GB RAM)",0.5812072778641765,35,98
"vivo V25 5G (Elegant Black, 128 GB)  (8 GB RAM)",0.5795629979735841,30,95
"vivo V25 5G (Sunrise Gold, 128 GB)  (8 GB RAM)",0.5795629979735841,30,95
"SAMSUNG Galaxy A22 5G (Mint, 128 GB)  (6 GB RAM)",0.5767619408369408,21,90
"vivo V27 Pro 5G (Noble Black, 256 GB)  (8 GB RAM)",0.5760449108431251,24,100
"vivo V27 Pro 5G (Noble Black, 128 GB)  (8 GB RAM)",0.5760449108431251,24,100
"vivo V27 Pro 5G (Magic Blue, 256 GB)  (8 GB RAM)",0.5760449108431251,24,100
"vivo V27 Pro 5G (Magic Blue, 128 GB)  (8 GB RAM)",0.5760449108431251,24,100
"vivo V21 5G (Arctic White, 128 GB)  (8 GB RAM)",0.575848227365837,28,97
"vivo V21 5G (Sunset Dazzle, 128 GB)  (8 GB RAM)",0.575848227365837,28,97
"vivo V21 5G (Dusk Blue, 256 GB)  (8 GB RAM)",0.575848227365837,28,97
"vivo V21 5G (Neon Spark, 128 GB)  (8 GB RAM)",0.575848227365837,28,97
"vivo V21 5G (Sunset Dazzle, 256 GB)  (8 GB RAM)",0.575848227365837,28,97
"vivo V30 5G (Classic Black, 128 GB)  (8 GB RAM)",0.5756691940104983,34,115
"vivo V30 5G (Classic Black, 256 GB)  (8 GB RAM)",0.5756691940104983,34,115
"vivo V30 5G (Peacock Green, 128 GB)  (8 GB RAM)",0.5756691940104983,34,115
"vivo V30 5G (Andaman Blue, 128 GB)  (8 GB RAM)",0.5756691940104983,34,115
"vivo V30 5G (Andaman Blue, 256 GB)  (8 GB RAM)",0.5756691940104983,68,230
"vivo Y51 (Titanium Sapphire, 128 GB)  (8 GB RAM)",0.5752050745550745,25,90
"vivo V40 5G (Titanium Grey, 128 GB)  (8 GB RAM)",0.5738610617890809,30,97
"vivo V40 5G (Lotus Purple, 256 GB)  (8 GB RAM)",0.5738610617890809,30,97
"vivo V40 5G (Lotus Purple, 128 GB)  (8 GB RAM)",0.5738610617890809,30,97
"vivo V40 5G (Ganges Blue, 256 GB)  (8 GB RAM)",0.5738610617890809,30,97
"vivo V40 5G (Ganges Blue, 128 GB)  (8 GB RAM)",0.5738610617890809,30,97
"vivo V40 5G (Titanium Grey, 256 GB)  (8 GB RAM)",0.5738610617890809,30,97
"SAMSUNG Galaxy M31 (Space Black, 128 GB)  (8 GB RAM)",0.5725581395348838,27,86
"SAMSUNG Galaxy M31 (Ocean Blue, 128 GB)  (8 GB RAM)",0.5725581395348838,27,86
"vivo X60 (Midnight Black, 128 GB)  (8 GB RAM)",0.5707040323493245,35,99
"vivo X60 (Shimmer Blue, 128 GB)  (8 GB RAM)",0.5707040323493245,35,99
"vivo Y51A (Titanium Sapphire, 128 GB)  (8 GB RAM)",0.5698514500749795,22,85
"vivo Y51A (Crystal Symphony, 128 GB)  (8 GB RAM)",0.5698514500749795,22,85
"Motorola Edge 50 Fusion (Marshmallow Blue, 128 GB)  (8 GB RAM)",0.5686736789978546,52,162
"Motorola Edge 50 Fusion (Hot Pink, 128 GB)  (8 GB RAM)",0.5686736789978546,52,162
"Motorola Edge 50 Fusion (Forest Green, 128 GB)  (8 GB RAM)",0.5686736789978546,52,162
"Motorola Edge 50 Fusion (Forest Blue, 128 GB)  (8 GB RAM)",0.5686736789978546,52,162
"vivo Y73 (Diamond Flare, 128 GB)  (8 GB RAM)",0.5682546225937184,29,94
"vivo Y73 (Roman Black, 128 GB)  (8 GB RAM)",0.5682546225937184,29,94
"vivo V23 5G (Sunshine Gold, 256 GB)  (12 GB RAM)",0.5681783943936721,23,96
"vivo Y17 (Mineral Blue, 128 GB)  (4 GB RAM)",0.5677543999853027,28,96
"vivo V15 Pro (Topaz Blue, 128 GB)  (6 GB RAM)",0.5669997506851027,38,99
"vivo V15 Pro (Ruby Red, 128 GB)  (6 GB RAM)",0.5669997506851027,38,99
"vivo T1 44W (Ice Dawn, 128 GB)  (6 GB RAM)",0.5668372606774669,25,97
"vivo V15 (Frozen Black, 64 GB)  (6 GB RAM)",0.5662509181597722,24,96
"vivo T1 Pro 5G (Turbo Cyan, 128 GB)  (8 GB RAM)",0.5644128756886488,24,97
"vivo T1 Pro 5G (Turbo Black, 128 GB)  (8 GB RAM)",0.5644128756886488,24,97
"OPPO F21 Pro (Sunset Orange, 128 GB)  (8 GB RAM)",0.5635373471034627,21,88
"vivo Y35 (Agate Black, 128 GB)  (8 GB RAM)",0.5628347795497186,19,82
"vivo V30 5G (Peacock Green, 256 GB)  (8 GB RAM)",0.5616234029638791,33,105
"SAMSUNG Galaxy A52 (Awesome Blue, 128 GB)  (6 GB RAM)",0.5615076090981375,32,97
"SAMSUNG Galaxy A52 (Awesome Violet, 128 GB)  (6 GB RAM)",0.5615076090981375,32,97
"SAMSUNG Galaxy A52 (Awesome White, 128 GB)  (6 GB RAM)",0.5615076090981375,32,97
"vivo V25 Pro 5G (Sailing Blue, 128 GB)  (8 GB RAM)",0.5601349427022775,60,198
"vivo V25 Pro 5G (sailing blue, 128 GB)  (8 GB RAM)",0.5601349427022775,30,99
"vivo V25 Pro 5G (Pure Black, 128 GB)  (8 GB RAM)",0.5601349427022775,30,99
"vivo Z1x (Fusion Blue, 128 GB)  (8 GB RAM)",0.5592088404399973,26,100
"vivo T3 5G (Crystal Flake, 256 GB)  (8 GB RAM)",0.5585021006030204,47,132
"vivo T3 5G (Cosmic Blue, 256 GB)  (8 GB RAM)",0.5585021006030204,47,132
"vivo V15 Pro (Topaz Blue, 128 GB)  (8 GB RAM)",0.5581844544344544,19,91
"vivo V11 (Starry Night Black, 64 GB)  (6 GB RAM)",0.5571475372142116,30,98
"vivo Y33T (Starry Gold, 128 GB)  (8 GB RAM)",0.5560185185185185,13,72
"vivo Y33T (Mirror Black, 128 GB)  (8 GB RAM)",0.5560185185185185,13,72
"vivo Y33T (Mid day dream, 128 GB)  (8 GB RAM)",0.5560185185185185,13,72
"vivo V20 2021 (Midnight Jazz, 128 GB)  (8 GB RAM)",0.5557734829497988,25,95
"vivo V20 2021 (Midnight Jazz, 256 GB)  (8 GB RAM)",0.5557734829497988,25,95
"vivo V20 2021 (Sunset Melody, 128 GB)  (8 GB RAM)",0.5557734829497988,25,95
"vivo V20 2021 (Sunset Melody, 256 GB)  (8 GB RAM)",0.5557734829497988,25,95
"vivo V27 5G (Noble Black, 256 GB)  (12 GB RAM)",0.5515804840735395,33,99
"vivo V27 5G (Magic Blue, 256 GB)  (12 GB RAM)",0.5515804840735395,33,99
"vivo T3 Ultra (Frost Green, 256 GB)  (12 GB RAM)",0.5500128767837101,21,72
"vivo T3 Ultra (Lunar Gray, 256 GB)  (12 GB RAM)",0.5500128767837101,21,72
"SAMSUNG Galaxy F23 5G (Copper Blush, 128 GB)  (6 GB RAM)",0.5477337548663247,38,95
"vivo X80 (Cosmic Black, 128 GB)  (8 GB RAM)",0.5459516013821569,44,99
"vivo V9 (Sapphire Blue, 64 GB)  (4 GB RAM)",0.5434416439527204,41,100
"vivo V9 (Pearl Black, 64 GB)  (4 GB RAM)",0.5434416439527204,41,100
"vivo T3 Ultra (Lunar Gray, 256 GB)  (8 GB RAM)",0.5433449031127603,30,98
"vivo T3 Ultra (Frost Green, 256 GB)  (8 GB RAM)",0.5433449031127603,30,98
"vivo T3 Ultra (Lunar Gray, 128 GB)  (8 GB RAM)",0.5433449031127603,30,98
"vivo T3 Ultra (Frost Green, 128 GB)  (8 GB RAM)",0.5433449031127603,30,98
"vivo Y100 5G (Pacific Blue, 128 GB)  (8 GB RAM)",0.5419206349206349,15,91
"vivo Y100 5G (Metal Black, 128 GB)  (8 GB RAM)",0.5419206349206349,15,91
"vivo Y100 5G (Twilight Gold, 128 GB)  (8 GB RAM)",0.5419206349206349,15,91
"OPPO Reno11 Pro 5G (Pearl White, 256 GB)  (12 GB RAM)",0.5390886549851196,34,99
"OPPO Reno11 Pro 5G (Rock Grey, 256 GB)  (12 GB RAM)",0.5390886549851196,34,99
"vivo V20 SE (Gravity Black, 128 GB)  (8 GB RAM)",0.5363123845282795,24,94
"vivo V20 SE (Aquamarine Green, 128 GB)  (8 GB RAM)",0.5363123845282795,24,94
"vivo Y200 5G (Jungle Green, 128 GB)  (8 GB RAM)",0.5345086560265132,20,98
"vivo Y200 5G (Jungle Green, 256 GB)  (8 GB RAM)",0.5345086560265132,40,196
"vivo Y200 5G (Desert Gold, 128 GB)  (8 GB RAM)",0.5345086560265132,20,98
"vivo Y200 5G (Desert Gold, 256 GB)  (8 GB RAM)",0.5345086560265132,40,196
"SAMSUNG Galaxy F62 (Laser Grey, 128 GB)  (6 GB RAM)",0.5331953966448706,40,98
"SAMSUNG Galaxy F62 (Laser Green, 128 GB)  (6 GB RAM)",0.5331953966448706,40,98
"SAMSUNG Galaxy F62 (Laser Blue, 128 GB)  (6 GB RAM)",0.5331953966448706,40,98
"SAMSUNG Galaxy S21 FE 5G (Lavender, 128 GB)  (8 GB RAM)",0.5310052295433018,67,150
"SAMSUNG Galaxy S21 FE 5G (Olive Green, 128 GB)  (8 GB RAM)",0.5310052295433018,67,150
"Samsung Galaxy S21 FE 5G with Snapdragon 888 (Lavender, 256 GB)  (8 GB RAM)",0.5310052295433018,67,150
"Samsung Galaxy S21 FE 5G with Snapdragon 888 (Navy, 128 GB)  (8 GB RAM)",0.5310052295433018,67,150
"Samsung Galaxy S21 FE 5G with Snapdragon 888 (Graphite, 128 GB)  (8 GB RAM)",0.5310052295433018,67,150
"Samsung Galaxy S21 FE 5G with Snapdragon 888 (Graphite, 256 GB)  (8 GB RAM)",0.5310052295433018,67,150
"Samsung Galaxy S21 FE 5G with Snapdragon 888 (White, 256 GB)  (8 GB RAM)",0.5310052295433018,67,150
"Samsung Galaxy S21 FE 5G with Snapdragon 888 (Olive, 256 GB)  (8 GB RAM)",0.5310052295433018,67,150
"Samsung Galaxy S21 FE 5G with Snapdragon 888 (Navy, 256 GB)  (8 GB RAM)",0.5310052295433018,67,150
"SAMSUNG Galaxy S21 FE 5G (White, 128 GB)  (8 GB RAM)",0.5310052295433018,67,150
"SAMSUNG Galaxy S21 FE 5G (Graphite, 128 GB)  (8 GB RAM)",0.5310052295433018,67,150
"OPPO A78 5G (Glowing Black, 128 GB)  (8 GB RAM)",0.5305933386899295,22,88
"OPPO A78 5G (Aqua Green, 128 GB)  (8 GB RAM)",0.5305933386899295,22,88
"SAMSUNG Galaxy A31 (Prism Crush White, 128 GB)  (6 GB RAM)",0.5281316208757201,35,100
"SAMSUNG Galaxy A31 (Prism Crush Black, 128 GB)  (6 GB RAM)",0.5281316208757201,35,100
"vivo V29 5G (Red, 256 GB)  (12 GB RAM)",0.5265383734249713,28,97
"vivo V29 5G (Black, 256 GB)  (12 GB RAM)",0.5265383734249713,28,97
"vivo V29 5G (Blue, 256 GB)  (12 GB RAM)",0.5265383734249713,28,97
"vivo V25 5G (Elegant Black, 256 GB)  (12 GB RAM)",0.5261074634246677,22,93
"vivo V25 5G (Surfing Blue, 256 GB)  (12 GB RAM)",0.5261074634246677,22,93
"SAMSUNG Galaxy M52 5G (Blazing Black, 128 GB)  (6 GB RAM)",0.5256438530524057,34,95
"SAMSUNG Galaxy M52 5G (Icy Blue, 128 GB)  (6 GB RAM)",0.5256438530524057,34,95
"SAMSUNG Galaxy A54 5G (Awesome Violet, 256 GB)  (8 GB RAM)",0.5256133553102954,37,96
"SAMSUNG Galaxy A54 5G (Awesome White, 256 GB)  (8 GB RAM)",0.5256133553102954,37,96
"SAMSUNG Galaxy A54 5G (Awesome Lime, 256 GB)  (8 GB RAM)",0.5256133553102954,37,96
"SAMSUNG Galaxy A54 5G (Awesome Lime, 128 GB)  (8 GB RAM)",0.5256133553102954,37,96
"vivo Z1Pro (Sonic Black, 128 GB)  (6 GB RAM)",0.5248894224788622,43,100
"SAMSUNG Galaxy A54 5G (Awesome Violet, 128 GB)  (8 GB RAM)",0.5248303379977722,37,95
"SAMSUNG Galaxy A54 5G (Awesome Graphite, 256 GB)  (8 GB RAM)",0.5248303379977722,37,95
"SAMSUNG Galaxy A54 5G (Awesome Graphite, 128 GB)  (8 GB RAM)",0.5248303379977722,37,95
"vivo T1 Pro 5G (Turbo Cyan, 128 GB)  (6 GB RAM)",0.5247361781089281,41,100
"vivo V29 Pro 5G (Black, 256 GB)  (8 GB RAM)",0.5223820825527623,43,100
"vivo V29 Pro 5G (Blue, 256 GB)  (8 GB RAM)",0.5223820825527623,43,100
"vivo V30e (Silk Blue, 128 GB)  (8 GB RAM)",0.5202510643491847,27,95
"vivo V30e (Velvet Red, 256 GB)  (8 GB RAM)",0.5202510643491847,27,95
"vivo V30e (Velvet Red, 128 GB)  (8 GB RAM)",0.5202510643491847,27,95
"vivo V30e (Silk Blue, 256 GB)  (8 GB RAM)",0.5202510643491847,27,95
"SAMSUNG Galaxy A50 (Blue, 64 GB)  (4 GB RAM)",0.5201903599846919,47,100
"SAMSUNG Galaxy A50 (Black, 64 GB)  (4 GB RAM)",0.5201903599846919,47,100
"SAMSUNG Galaxy M35 5G (Thunder Grey, 256 GB)  (8 GB RAM)",0.5192857142857142,1,7
"SAMSUNG Galaxy M35 5G (DayBreak Blue, 256 GB)  (8 GB RAM)",0.5192857142857142,1,7
"SAMSUNG Galaxy M35 5G (Moonlight Blue, 128 GB)  (8 GB RAM)",0.5192857142857142,1,7
"SAMSUNG Galaxy M35 5G (Moonlight Blue, 256 GB)  (8 GB RAM)",0.5192857142857142,1,7
"vivo T2 Pro 5G (New Moon Black, 128 GB)  (8 GB RAM)",0.5185383096250142,40,116
"vivo T2 Pro 5G (New Moon Black, 256 GB)  (8 GB RAM)",0.5185383096250142,40,116
"vivo T2 Pro 5G (Dune Gold, 128 GB)  (8 GB RAM)",0.5185383096250142,40,116
"vivo T2 Pro 5G (Dune Gold, 256 GB)  (8 GB RAM)",0.5185383096250142,40,116
"SAMSUNG Galaxy A52s 5G (Awesome Mint, 128 GB)  (8 GB RAM)",0.5185249178966871,41,99
"vivo V21e (Dark Pearl, 128 GB)  (8 GB RAM)",0.5161282242063492,33,96
"SAMSUNG Galaxy A70s (Prism Crush Red, 128 GB)  (8 GB RAM)",0.5146375601250601,17,90
"SAMSUNG Galaxy A70s (Prism Crush White, 128 GB)  (8 GB RAM)",0.5146375601250601,17,90
"SAMSUNG Galaxy F34 5G (Orchid Violet, 128 GB)  (8 GB RAM)",0.5144684014271298,38,95
"SAMSUNG Galaxy A34 5G (Awesome Silver, 128 GB)  (8 GB RAM)",0.5141679865943458,41,99
"SAMSUNG Galaxy A34 5G (Awesome Silver, 256 GB)  (8 GB RAM)",0.5141679865943458,41,99
"SAMSUNG Galaxy A34 5G (Awesome Violet, 128 GB)  (8 GB RAM)",0.5141679865943458,41,99
"SAMSUNG Galaxy A34 5G (Awesome Violet, 256 GB)  (8 GB RAM)",0.5141679865943458,41,99
"SAMSUNG Galaxy A34 5G (Awesome Lime, 256 GB)  (8 GB RAM)",0.5141679865943458,41,99
"SAMSUNG Galaxy A34 5G (Awesome Lime, 128 GB)  (8 GB RAM)",0.5141679865943458,41,99
"SAMSUNG Galaxy A34 5G (Awesome Graphite, 256 GB)  (8 GB RAM)",0.5141679865943458,41,99
"SAMSUNG Galaxy A34 5G (Awesome Graphite, 128 GB)  (8 GB RAM)",0.5141679865943458,41,99
"SAMSUNG Galaxy A51 (Prism Crush Blue, 128 GB)  (6 GB RAM)",0.5140103768615591,33,97
"SAMSUNG Galaxy A51 (Prism Crush Black, 128 GB)  (6 GB RAM)",0.5140103768615591,33,97
"SAMSUNG Galaxy A51 (Haze Crush Silver, 128 GB)  (6 GB RAM)",0.5140103768615591,33,97
"OPPO Reno8T 5G (Midnight Black, 128 GB)  (8 GB RAM)",0.5126840616360818,32,99
"OPPO Reno8T 5G (Sunrise Gold, 128 GB)  (8 GB RAM)",0.5126840616360818,32,99
"vivo X70 Pro (Aurora Dawn, 256 GB)  (8 GB RAM)",0.5092989029199424,48,100
"vivo X70 Pro (Aurora Dawn, 128 GB)  (8 GB RAM)",0.5092989029199424,48,100
"SAMSUNG Galaxy M33 5G (Emarld Brown, 128 GB)  (6 GB RAM)",0.5090536236424394,25,92
"SAMSUNG Galaxy M33 5G (Emerald Brown, 128 GB)  (6 GB RAM)",0.5090536236424394,25,92
"SAMSUNG Galaxy M33 5G (Deep Ocean Blue, 128 GB)  (6 GB RAM)",0.5090536236424393,75,276
"vivo V11 Pro (Starry Night Black, 64 GB)  (6 GB RAM)",0.5065361688311688,43,100
"SAMSUNG Galaxy M51 (Electric Blue, 128 GB)  (8 GB RAM)",0.5055594740508533,16,58
"SAMSUNG Galaxy M51 (Celestial Black, 128 GB)  (8 GB RAM)",0.5055594740508533,16,58
"OPPO Reno 12 Pro 5G (Space Brown, 256 GB)  (12 GB RAM)",0.5055079722287169,20,94
"OPPO Reno 12 Pro 5G (Sunset Gold, 256 GB)  (12 GB RAM)",0.5055079722287169,20,94
"OPPO Reno 12 Pro 5G (Manish Malhotra Limited Edition, 256 GB)  (12 GB RAM)",0.5055079722287169,20,94
"Motorola Edge 50 Fusion (Hot Pink, 256 GB)  (12 GB RAM)",0.5033620911904945,96,229
"Motorola Edge 50 Fusion (Forest Blue, 256 GB)  (12 GB RAM)",0.5033620911904945,96,229
"Motorola Edge 50 Fusion (Marshmallow Blue, 256 GB)  (12 GB RAM)",0.5033620911904945,96,229
"Motorola Edge 50 Fusion (Forest Green, 256 GB)  (12 GB RAM)",0.5033620911904945,96,229
"SAMSUNG Galaxy F62 (Laser Blue, 128 GB)  (8 GB RAM)",0.5018041723259368,46,99
"SAMSUNG Galaxy F62 (Laser Green, 128 GB)  (8 GB RAM)",0.5018041723259368,46,99
"SAMSUNG Galaxy F62 (Laser Grey, 128 GB)  (8 GB RAM)",0.5018041723259368,46,99
"vivo X70 Pro (Aurora Dawn, 256 GB)  (12 GB RAM)",0.5013849189026259,33,98
"vivo X70 Pro (Cosmic Black, 256 GB)  (12 GB RAM)",0.5013849189026259,33,98
"vivo Y200e 5G (Black Diamond, 128 GB)  (8 GB RAM)",0.5007154023225452,9,42
"vivo Y200e 5G (Saffron Delight, 128 GB)  (8 GB RAM)",0.5007154023225452,9,42
"vivo Y51A (Crystal Symphony, 128 GB)  (6 GB RAM)",0.4999031084656084,16,84
"vivo Y51A (Titanium Sapphire, 128 GB)  (6 GB RAM)",0.4999031084656084,16,84
"vivo V7+ (Gold, 64 GB)  (4 GB RAM)",0.4993251239256764,48,99
"SAMSUNG Galaxy A70 (Black, 128 GB)  (6 GB RAM)",0.4988831616146457,29,62
"SAMSUNG Galaxy A70 (Blue, 128 GB)  (6 GB RAM)",0.4988831616146457,29,62
"SAMSUNG Galaxy A70 (White, 128 GB)  (6 GB RAM)",0.4988831616146457,29,62
"OPPO Reno11 5G (Rock Grey, 128 GB)  (8 GB RAM)",0.49797874477903936,38,99
"OPPO Reno11 5G (Wave Green, 256 GB)  (8 GB RAM)",0.49797874477903936,38,99
"OPPO Reno11 5G (Wave Green, 128 GB)  (8 GB RAM)",0.49797874477903936,38,99
"OPPO Reno11 5G (Rock Grey, 256 GB)  (8 GB RAM)",0.49797874477903936,38,99
"vivo V23e 5G (Sunshine Gold, 128 GB)  (8 GB RAM)",0.4967602657004831,23,92
"vivo V23e 5G (Midnight Blue, 128 GB)  (8 GB RAM)",0.4967602657004831,23,92
"vivo V19 (Piano Black, 256 GB)  (8 GB RAM)",0.4961273371462348,39,98
"vivo V19 (Mystic Silver, 128 GB)  (8 GB RAM)",0.4961273371462348,39,98
"MOTOROLA Moto X4 (Super Black, 32 GB)  (3 GB RAM)",0.49560019581762077,52,100
"SAMSUNG Galaxy A71 (Prism Crush Blue, 128 GB)  (8 GB RAM)",0.49010969166889473,49,100
"SAMSUNG Galaxy A71 (Prism Crush Black, 128 GB)  (8 GB RAM)",0.49010969166889473,49,100
"SAMSUNG Galaxy A71 (Haze Crush Silver, 128 GB)  (8 GB RAM)",0.49010969166889473,49,100
"SAMSUNG Galaxy M31s (Mirage Black, 128 GB)  (6 GB RAM)",0.4889393569393569,29,91
"SAMSUNG GALAXY M51 (ELECTRIC BLUE, 128 GB)  (6 GB RAM)",0.48753223769957643,37,93
"SAMSUNG GALAXY M51 (Celestial Black, 128 GB)  (6 GB RAM)",0.48753223769957643,37,93
"SAMSUNG Galaxy F54 5G (Meteor Blue, 256 GB)  (8 GB RAM)",0.4872304556155125,45,100
"SAMSUNG Galaxy F54 5G (Stardust Silver, 256 GB)  (8 GB RAM)",0.4872304556155125,45,100
"vivo V23 Pro 5G (Sunshine Gold, 128 GB)  (8 GB RAM)",0.48278994659407026,29,97
"vivo V23 Pro 5G (Stardust Black, 128 GB)  (8 GB RAM)",0.48278994659407026,29,97
"SAMSUNG Galaxy M42 (Prism Dot Gray, 128 GB)  (8 GB RAM)",0.4824666666666666,3,25
"SAMSUNG Galaxy Note 8 (Midnight Black, 64 GB)  (6 GB RAM)",0.48187502782273806,49,99
"SAMSUNG Galaxy A52 (Awesome Blue, 128 GB)  (8 GB RAM)",0.4796666593059956,38,97
"SAMSUNG Galaxy A52 (Awesome Black, 128 GB)  (8 GB RAM)",0.4796666593059956,38,97
"SAMSUNG Galaxy A52 (Awesome Violet, 128 GB)  (8 GB RAM)",0.4796666593059956,38,97
"SAMSUNG Galaxy A33 (Awesome Black, 128 GB)  (6 GB RAM)",0.47898105478750636,26,93
"SAMSUNG Galaxy A33 (Awesome White, 128 GB)  (6 GB RAM)",0.47898105478750636,26,93
"SAMSUNG Galaxy A33 (Awesome Peach, 128 GB)  (6 GB RAM)",0.47898105478750636,26,93
"SAMSUNG Galaxy A33 (Awesome Blue, 128 GB)  (6 GB RAM)",0.47898105478750636,26,93
"SAMSUNG Galaxy A51 (Haze Crush Silver, 128 GB)  (8 GB RAM)",0.4765846742799698,40,96
"SAMSUNG Galaxy A51 (Prism Crush Black, 128 GB)  (8 GB RAM)",0.4765846742799698,40,96
"SAMSUNG Galaxy A51 (Prism Crush Blue, 128 GB)  (8 GB RAM)",0.4765846742799698,40,96
"OPPO F23 5G (Bold Gold, 256 GB)  (8 GB RAM)",0.4747322989120742,22,89
"OPPO F23 5G (Cool Black, 256 GB)  (8 GB RAM)",0.4747322989120742,22,89
"Motorola g73 5G (Midnight Blue, 128 GB)  (8 GB RAM)",0.4732251202632448,50,100
"SAMSUNG Galaxy A50 (White, 64 GB)  (6 GB RAM)",0.4696165514118911,50,99
"SAMSUNG Galaxy A50 (Black, 64 GB)  (6 GB RAM)",0.4696165514118911,50,99
"SAMSUNG Galaxy A50 (Blue, 64 GB)  (6 GB RAM)",0.4696165514118911,50,99
"SAMSUNG Galaxy M52 5G (Icy Blue, 128 GB)  (8 GB RAM)",0.4686522614998381,32,98
"SAMSUNG Galaxy M52 5G (Blazing Black, 128 GB)  (8 GB RAM)",0.4686522614998381,32,98
"SAMSUNG Galaxy M35 5G (Thunder Grey, 128 GB)  (6 GB RAM)",0.46842401413690476,13,32
"SAMSUNG Galaxy A33 (Awesome Peach, 128 GB)  (8 GB RAM)",0.467173411893493,27,87
"SAMSUNG Galaxy A33 (Awesome Black, 128 GB)  (8 GB RAM)",0.467173411893493,27,87
"SAMSUNG Galaxy A33 (Awesome White, 128 GB)  (8 GB RAM)",0.467173411893493,27,87
"SAMSUNG Galaxy A33 (Awesome Blue, 128 GB)  (8 GB RAM)",0.467173411893493,27,87
"OPPO F21s Pro (Dawnlight Gold, 128 GB)  (8 GB RAM)",0.4670793650793651,12,84
"OPPO F21s Pro (Starlight Black, 128 GB)  (8 GB RAM)",0.4670793650793651,12,84
"SAMSUNG Galaxy M33 5G (Mystique Green, 128 GB)  (8 GB RAM)",0.4667445854556966,46,180
"SAMSUNG Galaxy M33 5G (Emerald Brown, 128 GB)  (8 GB RAM)",0.4667445854556966,23,90
"SAMSUNG Galaxy M33 5G (Deep Ocean Blue, 128 GB)  (8 GB RAM)",0.4667445854556966,69,270
"Motorola Edge 20 Fusion 5G (Cyber Teal, 128 GB)  (8 GB RAM)",0.46638220639066086,49,98
"Motorola Edge 20 Fusion 5G (Electric Graphite, 128 GB)  (8 GB RAM)",0.46638220639066086,49,98
"vivo X21 (Black, 128 GB)  (6 GB RAM)",0.465180028561973,42,99
"MOTOROLA Motorola One Vision (Sapphire Gradient, 128 GB)  (4 GB RAM)",0.4644515391306094,52,99
"SAMSUNG Galaxy A50s (Prism Crush Black, 128 GB)  (4 GB RAM)",0.4639054780847638,39,100
"SAMSUNG Galaxy A50s (Prism Crush Violet, 128 GB)  (4 GB RAM)",0.4639054780847638,39,100
"SAMSUNG Galaxy A50s (Prism Crush White, 128 GB)  (4 GB RAM)",0.4639054780847638,39,100
"SAMSUNG Galaxy M34 5G without charger (Prism Silver, 128 GB)  (6 GB RAM)",0.45499578008387065,42,127
"SAMSUNG Galaxy M34 5G without charger (Midnight Blue, 128 GB)  (6 GB RAM)",0.4549957800838706,42,127
"SAMSUNG Galaxy A15 5G (Blue Black, 256 GB)  (8 GB RAM)",0.454668629615998,21,95
"SAMSUNG Galaxy A15 5G (Light Blue, 128 GB)  (8 GB RAM)",0.454668629615998,21,95
"SAMSUNG Galaxy A15 5G (Light Blue, 256 GB)  (8 GB RAM)",0.454668629615998,21,95
"SAMSUNG Galaxy A15 5G (Blue Black, 128 GB)  (8 GB RAM)",0.454668629615998,21,95
"SAMSUNG Galaxy A15 5G (Blue, 128 GB)  (8 GB RAM)",0.454668629615998,21,95
"Motorola G60 (Frosted Champagne, 128 GB)  (6 GB RAM)",0.45432654693245367,53,99
"Motorola Edge 50 Pro 5G with 68W Charger (Black Beauty, 256 GB)  (8 GB RAM)",0.4537231532134138,99,190
"Motorola Edge 50 Pro 5G with 68W Charger (Vanilla Cream, 256 GB)  (8 GB RAM)",0.4537231532134138,99,190
"Motorola Edge 50 Pro 5G with 68W Charger (Moonlight Pearl, 256 GB)  (8 GB RAM)",0.4537231532134138,99,190
"Motorola Edge 50 Pro 5G with 68W Charger (Luxe Lavender, 256 GB)  (8 GB RAM)",0.4537231532134138,99,190
"SAMSUNG Galaxy S20 FE 5G (Cloud Lavender, 128 GB)  (8 GB RAM)",0.45364520458406327,46,98
"SAMSUNG Galaxy S20 FE 5G (Cloud Mint, 128 GB)  (8 GB RAM)",0.45364520458406327,46,98
"SAMSUNG Galaxy S20 FE 5G (Cloud Navy, 128 GB)  (8 GB RAM)",0.4536452045840632,138,294
"SAMSUNG Galaxy M35 5G (Moonlight Blue, 128 GB)  (6 GB RAM)",0.45272801459293394,13,31
"MOTOROLA Edge 50 Neo (PANTONE Nautical Blue, 256 GB)  (8 GB RAM)",0.451131372925149,58,100
"MOTOROLA Edge 50 Neo (PANTONE Poinciana, 256 GB)  (8 GB RAM)",0.451131372925149,58,100
"MOTOROLA Edge 50 Neo (PANTONE Latte, 256 GB)  (8 GB RAM)",0.451131372925149,58,100
"MOTOROLA Edge 50 Neo (PANTONE Grisaille, 256 GB)  (8 GB RAM)",0.451131372925149,58,100
"Motorola Edge 40 Neo (Black Beauty, 128 GB)  (8 GB RAM)",0.4505363333287188,55,104
"Motorola Edge 40 Neo (Peach Fuzz, 128 GB)  (8 GB RAM)",0.4505363333287188,55,104
"Motorola Edge 40 Neo (Soothing Sea, 128 GB)  (8 GB RAM)",0.4505363333287188,55,104
"Motorola Edge 40 Neo (Caneel Bay, 128 GB)  (8 GB RAM)",0.4505363333287188,55,104
"Motorola Edge 20 5G (Frosted Pearl, 128 GB)  (8 GB RAM)",0.4490048911316359,60,99
"Motorola Edge 20 5G (Frosted Emerald, 128 GB)  (8 GB RAM)",0.4490048911316359,60,99
"Motorola Edge 20 5G (Frosted Onyx, 128 GB)  (8 GB RAM)",0.4490048911316359,60,99
"MOTOROLA Moto G 5G (Volcanic Grey, 128 GB)  (6 GB RAM)",0.44614127473047693,52,100
"MOTOROLA Moto G 5G (Frosted Silver, 128 GB)  (6 GB RAM)",0.44614127473047693,52,100
"SAMSUNG Galaxy A70s (Prism Crush White, 128 GB)  (6 GB RAM)",0.4460847780337576,38,98
"SAMSUNG Galaxy A70s (Prism Crush Red, 128 GB)  (6 GB RAM)",0.4460847780337576,38,98
"SAMSUNG Galaxy A70s (Prism Crush Black, 128 GB)  (6 GB RAM)",0.4460847780337576,38,98
"SAMSUNG Galaxy A7 (Gold, 64 GB)  (4 GB RAM)",0.4431776291807486,38,99
"SAMSUNG Galaxy A7 (Blue, 64 GB)  (4 GB RAM)",0.4431776291807486,38,99
"SAMSUNG Galaxy A7 (Black, 64 GB)  (4 GB RAM)",0.4431776291807486,38,99
"SAMSUNG Galaxy M34 5G (Midnight Blue, 256 GB)  (8 GB RAM)",0.4427479338842975,4,22
"Motorola Edge 30 Ultra (Interstellar Black, 256 GB)  (12 GB RAM)",0.4427421359822095,52,100
"Motorola Edge 30 Ultra (Starlight White, 256 GB)  (12 GB RAM)",0.4427421359822095,52,100
"vivo V25 Pro 5G (Pure Black, 256 GB)  (12 GB RAM)",0.4422536286766798,28,93
"vivo V25 Pro 5G (Sailing Blue, 256 GB)  (12 GB RAM)",0.4422536286766798,28,93
"Motorola Edge 30 Ultra (Interstellar Black, 128 GB)  (8 GB RAM)",0.441567590048523,51,100
"Motorola Edge 30 Ultra (Starlight White, 128 GB)  (8 GB RAM)",0.441567590048523,51,100
"vivo Y200 Pro 5G (Silk Black, 128 GB)  (8 GB RAM)",0.4384523809523809,2,14
"vivo Y200 Pro 5G (Silk Green, 128 GB)  (8 GB RAM)",0.4384523809523809,2,14
"SAMSUNG Galaxy A22 (Mint, 128 GB)  (6 GB RAM)",0.4378686647173489,17,57
"SAMSUNG Galaxy A22 (Black, 128 GB)  (6 GB RAM)",0.4378686647173489,17,57
"MOTOROLA Edge 50 (Peach Fuzz, 256 GB)  (8 GB RAM)",0.43406897899805746,50,97
"MOTOROLA Edge 50 (Jungle Green, 256 GB)  (8 GB RAM)",0.43406897899805746,50,97
"MOTOROLA Edge 50 (Koala Grey, 256 GB)  (8 GB RAM)",0.43406897899805746,50,97
"vivo Y72 5G (Slate Gray, 128 GB)  (8 GB RAM)",0.4328473590585659,27,87
"vivo Y72 5G (Prism Magic, 128 GB)  (8 GB RAM)",0.4328473590585659,27,87
"SAMSUNG M53 5G (Mystique Green, 128 GB)  (6 GB RAM)",0.4300323466216323,22,77
"SAMSUNG M53 5G (Deep Ocean Blue, 128 GB)  (6 GB RAM)",0.4300323466216323,22,77
"OPPO F21s Pro 5G (Starlight Black, 128 GB)  (8 GB RAM)",0.4267471720488962,19,87
"OPPO F21s Pro 5G (Dawnlight Gold, 128 GB)  (8 GB RAM)",0.4267471720488962,19,87
"SAMSUNG GALAXY M31S (Mirage Black, 128 GB)  (8 GB RAM)",0.4253675905648291,15,76
"SAMSUNG Galaxy A52s 5G (Awesome White, 128 GB)  (6 GB RAM)",0.4250305582550481,25,98
"SAMSUNG Galaxy A52s 5G (Awesome Violet, 128 GB)  (6 GB RAM)",0.4250305582550481,25,98
"SAMSUNG Galaxy A52s 5G (Awesome Black, 128 GB)  (6 GB RAM)",0.4250305582550481,25,98
"vivo Y36 (Vibrant Gold, 128 GB)  (8 GB RAM)",0.4242142857142857,9,48
"Motorola Edge 30 Fusion (Cosmic grey, 128 GB)  (8 GB RAM)",0.4241989561102697,65,99
"MOTOROLA g82 5G (White Lily, 128 GB)  (8 GB RAM)",0.423952022110565,56,98
"MOTOROLA g82 5G (Meterorite Grey, 128 GB)  (8 GB RAM)",0.423952022110565,56,98
"Motorola Edge 40 (Eclipse Black, 256 GB)  (8 GB RAM)",0.42293520350335195,74,125
"Motorola Edge 40 (Nebula Green, 256 GB)  (8 GB RAM)",0.42293520350335195,74,125
"Motorola Edge 40 (Viva Magenta, 256 GB)  (8 GB RAM)",0.42293520350335195,74,125
"Motorola Edge 40 (Lunar Blue, 256 GB)  (8 GB RAM)",0.42293520350335195,74,125
"SAMSUNG Galaxy S23 5G (Cream, 128 GB)  (8 GB RAM)",0.4225875934964994,72,128
"SAMSUNG Galaxy S23 5G (Green, 128 GB)  (8 GB RAM)",0.4225875934964994,72,128
"SAMSUNG Galaxy S23 5G (Lavender, 128 GB)  (8 GB RAM)",0.4225875934964993,72,128
"SAMSUNG Galaxy S23 5G (Phantom Black, 128 GB)  (8 GB RAM)",0.4225875934964993,72,128
"Motorola edge 30 (Meteor Grey, 128 GB)  (6 GB RAM)",0.42039782995941943,62,100
"SAMSUNG Galaxy A23 (Blue, 128 GB)  (8 GB RAM)",0.41690240700657366,8,36
"SAMSUNG Galaxy A23 (Black, 128 GB)  (8 GB RAM)",0.41690240700657366,8,36
"OPPO F21 Pro 5G (Rainbow Spectrum, 128 GB)  (8 GB RAM)",0.4168277027027027,14,74
"OPPO F21 Pro 5G (Cosmic Black, 128 GB)  (8 GB RAM)",0.4168277027027027,14,74
"OPPO A78 (Aqua Green, 128 GB)  (8 GB RAM)",0.4157135508524397,12,54
"OPPO A78 (Mist Black, 128 GB)  (8 GB RAM)",0.4157135508524397,12,54
"OPPO F25 Pro 5G (Lava Red, 256 GB)  (8 GB RAM)",0.4150597869798689,40,122
"OPPO F25 Pro 5G (Ocean Blue, 256 GB)  (8 GB RAM)",0.4150597869798689,40,122
"SAMSUNG Galaxy A32 (Awesome Blue, 128 GB)  (8 GB RAM)",0.41291666666666665,2,32
"SAMSUNG Galaxy A32 (Awesome Black, 128 GB)  (8 GB RAM)",0.41291666666666665,2,32
"Motorola Edge 40 Neo (Peach Fuzz, 256 GB)  (12 GB RAM)",0.4114896007373865,74,132
"Motorola Edge 40 Neo (Soothing Sea, 256 GB)  (12 GB RAM)",0.4114896007373865,74,132
"Motorola Edge 40 Neo (Black Beauty, 256 GB)  (12 GB RAM)",0.4114896007373865,74,132
"Motorola Edge 40 Neo (Caneel Bay, 256 GB)  (12 GB RAM)",0.4114896007373865,74,132
"Motorola Edge 50 Pro 5G with 125W Charger (Black Beauty, 256 GB)  (12 GB RAM)",0.41137978456003454,72,155
"Motorola Edge 50 Pro 5G with 125W Charger (Vanilla Cream, 256 GB)  (12 GB RAM)",0.41137978456003454,72,155
"Motorola Edge 50 Pro 5G with 125W Charger (Moonlight Pearl, 256 GB)  (12 GB RAM)",0.41137978456003454,72,155
"Motorola Edge 50 Pro 5G with 125W Charger (Luxe Lavender, 256 GB)  (12 GB RAM)",0.41137978456003454,72,155
"Motorola Edge 50 Pro 5G with 125W Charger (Caneel Bay, 256 GB)  (12 GB RAM)",0.41137978456003454,72,155
"Motorola Edge 20 Fusion 5G (Cyber Teal, 128 GB)  (6 GB RAM)",0.407828920981555,64,100
"SAMSUNG M32 5G (Sky blue, 128 GB)  (6 GB RAM)",0.4043524397413286,25,81
"SAMSUNG M32 5G (Slate Black, 128 GB)  (6 GB RAM)",0.4043524397413286,25,81
"SAMSUNG Galaxy A35 5G (Awesome Lilac, 256 GB)  (8 GB RAM)",0.40250399863294595,28,95
"SAMSUNG Galaxy A35 5G (Awesome Lilac, 128 GB)  (8 GB RAM)",0.40250399863294595,28,95
"SAMSUNG Galaxy A35 5G (Awesome Iceblue, 128 GB)  (8 GB RAM)",0.40250399863294595,28,95
"SAMSUNG Galaxy A35 5G (Awesome Iceblue, 256 GB)  (8 GB RAM)",0.40250399863294595,28,95
"SAMSUNG Galaxy A35 5G (Awesome Navy, 128 GB)  (8 GB RAM)",0.40250399863294595,28,95
"SAMSUNG Galaxy A35 5G (Awesome Navy, 256 GB)  (8 GB RAM)",0.40250399863294595,28,95
"Google Pixel 7 (Obsidian, 128 GB)  (8 GB RAM)",0.40236617773899236,83,141
"Google Pixel 7 (Snow, 128 GB)  (8 GB RAM)",0.40236617773899236,83,141
"Motorola Edge 30 (Meteor Grey, 128 GB)  (8 GB RAM)",0.4022941047691057,64,100
"OPPO Reno 12 5G (Sunset Peach, 256 GB)  (8 GB RAM)",0.40066137566137566,4,18
"OPPO Reno 12 5G (Matte Brown, 256 GB)  (8 GB RAM)",0.40066137566137566,4,18
"OPPO Reno 12 5G (Astro Silver, 256 GB)  (8 GB RAM)",0.40066137566137566,4,18
"MOTOROLA g82 5G(White Lily, 128 GB)  (6 GB RAM)",0.39796847720595674,62,100
"SAMSUNG Galaxy S22 5G (Green, 128 GB)  (8 GB RAM)",0.3935969528625541,51,100
"SAMSUNG Galaxy S22 5G (Phantom Black, 128 GB)  (8 GB RAM)",0.3935969528625541,51,100
"SAMSUNG Galaxy S22 5G (Phantom White, 128 GB)  (8 GB RAM)",0.3935969528625541,51,100
"SAMSUNG Galaxy S23 FE (Cream, 256 GB)  (8 GB RAM)",0.385637876343473,62,121
"SAMSUNG Galaxy S23 FE (Graphite, 256 GB)  (8 GB RAM)",0.385637876343473,62,121
"SAMSUNG Galaxy S23 FE (Cream, 128 GB)  (8 GB RAM)",0.385637876343473,62,121
"SAMSUNG Galaxy S23 FE (Purple, 128 GB)  (8 GB RAM)",0.38537614652512314,61,120
"SAMSUNG Galaxy S23 FE (Purple, 256 GB)  (8 GB RAM)",0.38537614652512314,61,120
"SAMSUNG Galaxy S23 FE (Graphite, 128 GB)  (8 GB RAM)",0.38537614652512314,61,120
"SAMSUNG Galaxy S23 FE (Mint, 128 GB)  (8 GB RAM)",0.38537614652512314,61,120
"SAMSUNG Galaxy S23 FE (Mint, 256 GB)  (8 GB RAM)",0.38537614652512314,61,120
"SAMSUNG Galaxy M34 5G without charger (Prism Silver, 128 GB)  (8 GB RAM)",0.3850210437710438,22,83
"SAMSUNG Galaxy M34 5G without charger (Midnight Blue, 128 GB)  (8 GB RAM)",0.3850210437710438,22,83
"Google Pixel 7a (Snow, 128 GB)  (8 GB RAM)",0.3838567564161725,94,157
"Google Pixel 7a (Coral, 128 GB)  (8 GB RAM)",0.3838567564161725,94,157
"Google Pixel 7a (Charcoal, 128 GB)  (8 GB RAM)",0.3838567564161725,94,157
"SAMSUNG Galaxy A53 (Awesome White, 128 GB)  (8 GB RAM)",0.38330267559464865,33,96
"SAMSUNG Galaxy A53 (Awesome Black, 128 GB)  (8 GB RAM)",0.38330267559464865,33,96
"SAMSUNG Galaxy A53 (Awesome Blue, 128 GB)  (8 GB RAM)",0.38330267559464865,33,96
"SAMSUNG Galaxy A53 (Awesome Blue, 256 GB)  (8 GB RAM)",0.38330267559464865,33,96
"SAMSUNG Galaxy A53 (Awesome Peach, 128 GB)  (8 GB RAM)",0.38330267559464865,33,96
"SAMSUNG Galaxy A53 (Awesome Peach, 256 GB)  (8 GB RAM)",0.38330267559464865,33,96
"vivo V25 pro (Sailing Blue, 128 GB)  (8 GB RAM)",0.3776010101010101,4,10
"vivo V25 pro (Pure Black, 128 GB)  (8 GB RAM)",0.3776010101010101,2,5
"MOTOROLA Moto X4 (Sterling Blue, 64 GB)  (4 GB RAM)",0.3764544037281212,64,100
"SAMSUNG Galaxy A7-2017 (Gold Sand, 32 GB)  (3 GB RAM)",0.37491071428571426,6,10
"vivo V40e 5G (Mint Green, 128 GB)  (8 GB RAM)",0.37222222222222223,1,1
"SAMSUNG Galaxy M42 5G (Prism Dot Gray, 128 GB)  (6 GB RAM)",0.3692203225261736,24,94
"SAMSUNG Galaxy M42 5G (Prism Dot Black, 128 GB)  (6 GB RAM)",0.3692203225261736,24,94
"vivo Y56 5G (Orange Shimmer, 128 GB)  (4 GB RAM)",0.3678472222222222,7,16
"Motorola Edge 20 Pro 5G (Midnight Sky, 128 GB)  (8 GB RAM)",0.3624602554616159,62,100
"Motorola Edge 20 Pro 5G (Iridescent Cloud, 128 GB)  (8 GB RAM)",0.3624602554616159,62,100
"OPPO F27 5G (Emerald Green, 128 GB)  (8 GB RAM)",0.36041666666666666,5,16
"OPPO F27 5G (Emerald Green, 256 GB)  (8 GB RAM)",0.36041666666666666,5,16
"OPPO F27 5G (Amber Orange, 128 GB)  (8 GB RAM)",0.36041666666666666,5,16
"OPPO F27 5G (Amber Orange, 256 GB)  (8 GB RAM)",0.36041666666666666,5,16
"SAMSUNG Galaxy M53 5G (Emerald Brown, 128 GB)  (8 GB RAM)",0.35992848875661376,13,56
"SAMSUNG Galaxy M53 5G (Deep Ocean Blue, 128 GB)  (8 GB RAM)",0.35992848875661376,13,56
"SAMSUNG Galaxy M53 5G (Mystique Green, 128 GB)  (8 GB RAM)",0.35992848875661376,13,56
"SAMSUNG Galaxy A22 5G (Gray, 128 GB)  (8 GB RAM)",0.3533456558061821,18,76
"SAMSUNG Galaxy A22 5G (Mint, 128 GB)  (8 GB RAM)",0.3533456558061821,18,76
"SAMSUNG Galaxy A22 5G (Violet, 128 GB)  (8 GB RAM)",0.3533456558061821,18,76
"SAMSUNG Galaxy A34 5G (Awesome Graphite, 128 GB)  (6 GB RAM)",0.3512840544871795,6,8
"SAMSUNG Galaxy A34 5G (Awesome Lime, 128 GB)  (6 GB RAM)",0.3512840544871795,6,8
"SAMSUNG Galaxy A34 5G (Awesome Violet, 128 GB)  (6 GB RAM)",0.3512840544871795,6,8
"SAMSUNG Galaxy A34 5G (Awesome Silver, 128 GB)  (6 GB RAM)",0.3512840544871795,6,8
"Google Pixel 8 (Obsidian, 128 GB)  (8 GB RAM)",0.3491564225622984,85,145
"Google Pixel 8 (Rose, 128 GB)  (8 GB RAM)",0.3491564225622984,85,145
"Google Pixel 8 (Mint, 128 GB)  (8 GB RAM)",0.3491564225622984,85,145
"Google Pixel 8 (Hazel, 128 GB)  (8 GB RAM)",0.3491564225622984,85,145
"SAMSUNG Galaxy M34 5G (Waterfall Blue, 128 GB)  (6 GB RAM)",0.3453813246753247,44,125
"SAMSUNG Galaxy M34 5G (Graphite Black, 128 GB)  (6 GB RAM)",0.3453813246753247,44,125
"SAMSUNG Galaxy M40 (Seawater Blue, 128 GB)  (6 GB RAM)",0.34511506934423597,30,78
"SAMSUNG Galaxy M32 5G (Slate Black, 128 GB)  (8 GB RAM)",0.3450649080857414,26,144
"SAMSUNG Galaxy M32 5G (Sky Blue, 128 GB)  (8 GB RAM)",0.3450649080857414,26,144
"vivo V40e 5G (Mint Green, 256 GB)  (8 GB RAM)",0.33368055555555554,2,4
"SAMSUNG Galaxy M53 5G (Emerald Brown, 128 GB)  (6 GB RAM)",0.33360294117647055,5,17
"SAMSUNG Galaxy M53 5G (Mystique Green, 128 GB)  (6 GB RAM)",0.33360294117647055,5,17
"SAMSUNG Galaxy M53 5G (Deep Ocean Blue, 128 GB)  (6 GB RAM)",0.33360294117647055,5,17
"OPPO F27 Pro+ (Midnight Navy, 256 GB)  (8 GB RAM)",0.3321290445665446,18,84
"Motorola Edge 30 Pro (Cosmos Blue, 128 GB)  (8 GB RAM)",0.3301164242466383,75,100
"Motorola Edge 30 Pro (Stardust White, 128 GB)  (8 GB RAM)",0.3301164242466383,75,100
"vivo Y100A (Twilight Gold, 128 GB)  (8 GB RAM)",0.3293152454780362,12,43
"vivo Y100A (Twilight Gold, 256 GB)  (8 GB RAM)",0.3293152454780362,12,43
"vivo Y100A (Metal Black, 128 GB)  (8 GB RAM)",0.3293152454780362,12,43
"vivo Y100A (Metal Black, 256 GB)  (8 GB RAM)",0.3293152454780362,12,43
"vivo Y100A (Pacific Blue, 128 GB)  (8 GB RAM)",0.3293152454780362,12,43
"vivo Y100A (Pacific Blue, 256 GB)  (8 GB RAM)",0.3293152454780362,12,43
"OPPO F27 Pro+ (Dusk Pink, 128 GB)  (8 GB RAM)",0.3227832230493521,21,93
"OPPO F27 Pro+ (Dusk Pink, 256 GB)  (8 GB RAM)",0.3227832230493521,21,93
"OPPO F27 Pro+ (Midnight Navy, 128 GB)  (8 GB RAM)",0.3227832230493521,21,93
"SAMSUNG Galaxy S20 FE (Cloud Mint, 128 GB)  (8 GB RAM)",0.3197245624514274,39,99
"SAMSUNG Galaxy S20 FE (Cloud Navy, 128 GB)  (8 GB RAM)",0.3197245624514274,39,99
"MOTOROLA Moto X (2nd Generation) (Black Leather, 16 GB)  (2 GB RAM)",0.31735281171953056,90,100
"SAMSUNG Galaxy A53 (Awesome Blue, 128 GB)  (6 GB RAM)",0.314434079436953,20,87
"SAMSUNG Galaxy A53 (Awesome Peach, 128 GB)  (6 GB RAM)",0.314434079436953,20,87
"SAMSUNG Galaxy A53 (Awesome White, 128 GB)  (6 GB RAM)",0.314434079436953,20,87
"SAMSUNG Galaxy A53 (Awesome Black, 128 GB)  (6 GB RAM)",0.314434079436953,20,87
"SAMSUNG Galaxy F42 5G (Matte Black, 128 GB)  (6 GB RAM)",0.3128283070372914,41,96
"SAMSUNG Galaxy S20 FE (Cloud Lavender, 128 GB)  (8 GB RAM)",0.3023025107513668,34,79
"SAMSUNG Galaxy A23 5G (Orange, 128 GB)  (6 GB RAM)",0.2833509593931281,22,83
"SAMSUNG Galaxy A23 5G (Silver, 128 GB)  (6 GB RAM)",0.2833509593931281,22,83
"SAMSUNG Galaxy A23 5G (Light Blue, 128 GB)  (6 GB RAM)",0.2833509593931281,22,83
"SAMSUNG Galaxy A23 (Peach, 128 GB)  (6 GB RAM)",0.24437094155844155,13,60
"SAMSUNG Galaxy A23 (Blue, 128 GB)  (6 GB RAM)",0.24437094155844155,13,60
"SAMSUNG Galaxy F42 5G (Matte Black, 128 GB)  (8 GB RAM)",0.22056290726817043,24,95
"SAMSUNG Galaxy F55 5G (Raisin Black, 256 GB)  (12 GB RAM)",0.208505291005291,5,21
"SAMSUNG Galaxy F55 5G (Apricot Crush, 256 GB)  (12 GB RAM)",0.208505291005291,5,21
"SAMSUNG Galaxy M55 5G (Denim Black / Black, 128 GB)  (8 GB RAM)",0.1795238095238095,3,7
"SAMSUNG Galaxy M55 5G (Denim Black / Black, 256 GB)  (8 GB RAM)",0.1795238095238095,3,7
"SAMSUNG Galaxy A13 (Peach, 128 GB)  (6 GB RAM)",0.16033444816053513,4,23
"SAMSUNG Galaxy A13 (White, 128 GB)  (6 GB RAM)",0.16033444816053513,4,23
"SAMSUNG Galaxy A13 (Blue, 128 GB)  (6 GB RAM)",0.16033444816053513,4,23
"SAMSUNG Galaxy A13 (Green, 128 GB)  (6 GB RAM)",0.16033444816053513,4,23
"SAMSUNG Galaxy M55 5G (Light Green, 128 GB)  (8 GB RAM)",0.12933333333333333,3,8
"SAMSUNG Galaxy M55 5G (Light Green, 256 GB)  (8 GB RAM)",0.12933333333333333,3,8
"SAMSUNG Galaxy A23 5G (Light Blue, 128 GB)  (8 GB RAM)",0.07035532407407409,10,60
"SAMSUNG Galaxy A23 5G (Silver, 128 GB)  (8 GB RAM)",0.07035532407407409,10,60
"SAMSUNG Galaxy A23 5G (Orange, 128 GB)  (8 GB RAM)",0.07035532407407409,10,60
"SAMSUNG Galaxy A25 5G (Yellow, 256 GB)  (8 GB RAM)",0.06072222222222223,1,6
"SAMSUNG Galaxy A25 5G (Blue, 128 GB)  (8 GB RAM)",0.06072222222222223,1,6
"SAMSUNG Galaxy A25 5G (Blue Black, 128 GB)  (8 GB RAM)",0.06072222222222223,1,6
"SAMSUNG Galaxy A25 5G (Yellow, 128 GB)  (8 GB RAM)",0.06072222222222223,1,6
"SAMSUNG Galaxy A25 5G (Blue, 256 GB)  (8 GB RAM)",0.06072222222222221,1,6
"SAMSUNG Galaxy A25 5G (Blue Black, 256 GB)  (8 GB RAM)",0.06072222222222221,1,6
"SAMSUNG Galaxy F55 5G (Raisin Black, 128 GB)  (8 GB RAM)",-0.002884302855614315,15,61
